id;first_name;last_name;birthday;phone_number;address;information;user_name;password
1;Chelsey;Wyman;2022-02-12T17:06:44;Generic Squares;orchid;User-friendly Concrete;pricing;Auto
2;Brando;Johnson;2022-02-12T15:01:30;blue generate scale;multi-byte;Chile Extended;Pa'anga azure online;JBOD
3;Augustus;Ferry;2022-02-12T21:01:16;extranet Lilangeni Steel;invoice copying protocol;deposit digital Compatible;Kids;Peso
4;Tomas;Russel;2022-02-12T20:21:38;Lilangeni;Chair Directives;Loan Lead;RSS COM;Court Loan Rustic
5;Derick;Reynolds;2022-02-12T18:47:30;hacking;Berkshire;Georgia;override;deposit Horizontal
6;Rey;Morissette;2022-02-13T00:22:47;Handcrafted Architect;Liaison overriding;technologies;Sausages;Via
7;Raven;Skiles;2022-02-13T07:42:44;Japan multi-tasking Concrete;Fall;International;Electronics;Small virtual Account
8;Clair;Wuckert;2022-02-13T01:15:04;Tala Kids Open-source;Intranet New Human;deposit haptic Dynamic;Chief system-worthy;Global scale Jewelery
9;Gaylord;Roob;2022-02-13T11:24:12;Frozen user;deliverables transmitter salmon;Gorgeous up neural;orange;Oregon Loaf microchip
10;Roselyn;MacGyver;2022-02-13T10:50:03;invoice Investment;Afghani;XSS Curve deposit;Dam up;online deposit Specialist
